{"learning_rate":{"1":0.0049999999,"2":0.0049999999,"3":0.0049999999,"4":0.0049999999,"5":0.0024999999,"6":0.0024999999,"7":0.0024999999,"8":0.0024999999,"9":0.0024999999,"10":0.0024999999,"11":0.0024999999,"12":0.0024999999,"13":0.00125,"14":0.00125,"15":0.00125,"16":0.00125,"17":0.00125,"18":0.000625,"19":0.000625,"20":0.000625},"loss":{"1":1057.5378417969,"2":940.4332885742,"3":911.3012695312,"4":893.0298461914,"5":869.0897216797,"6":863.8305053711,"7":859.4974975586,"8":856.7985839844,"9":853.8497314453,"10":853.0575561523,"11":850.3658447266,"12":849.5001831055,"13":839.9596557617,"14":838.4553222656,"15":837.6526489258,"16":837.2743530273,"17":836.4655761719,"18":831.6446533203,"19":830.2250976562,"20":829.2531738281},"profile_predictions_loss":{"1":889.7933349609,"2":814.7559814453,"3":797.9029541016,"4":787.1019287109,"5":773.0677490234,"6":769.0020751953,"7":765.5464477539,"8":763.639465332,"9":762.116394043,"10":761.0877685547,"11":759.7000732422,"12":758.983581543,"13":754.240234375,"14":753.428894043,"15":752.8999633789,"16":752.7156982422,"17":752.4041748047,"18":750.2653808594,"19":749.9897460938,"20":749.4829101562},"logcount_predictions_loss":{"1":0.5586026311,"2":0.4185198843,"3":0.3776235282,"4":0.3527508676,"5":0.3197624981,"6":0.315788269,"7":0.3128692508,"8":0.3102292717,"9":0.3054839969,"10":0.3062729239,"11":0.3019247353,"12":0.3014306128,"13":0.2854572535,"14":0.2831450999,"15":0.2822284102,"16":0.281583935,"17":0.279930234,"18":0.2710022926,"19":0.2671918273,"20":0.2656486928},"attribution_prior_loss":{"1":null,"2":null,"3":null,"4":null,"5":null,"6":null,"7":null,"8":null,"9":null,"10":null,"11":null,"12":null,"13":null,"14":null,"15":null,"16":null,"17":null,"18":null,"19":null,"20":null},"val_loss":{"1":963.9855957031,"2":918.9451904297,"3":992.6656494141,"4":983.2702026367,"5":882.3997802734,"6":879.9232177734,"7":902.6170043945,"8":877.4459228516,"9":885.4973754883,"10":869.7263793945,"11":891.8581542969,"12":883.7352905273,"13":866.1212158203,"14":851.5866088867,"15":841.8079833984,"16":851.6275024414,"17":855.764465332,"18":840.9417114258,"19":837.3837280273,"20":865.9809570312},"val_profile_predictions_loss":{"1":825.1895141602,"2":800.5732421875,"3":793.1528930664,"4":779.7183227539,"5":769.3386230469,"6":767.1638183594,"7":768.352355957,"8":764.0287475586,"9":761.3961791992,"10":762.1895751953,"11":761.2047119141,"12":759.3573608398,"13":755.4228515625,"14":753.981262207,"15":754.5116577148,"16":753.7131958008,"17":753.0178222656,"18":751.4815063477,"19":751.4777832031,"20":751.0408325195},"val_logcount_predictions_loss":{"1":0.4622072875,"2":0.3941912949,"3":0.6643998027,"4":0.6778506041,"5":0.376506269,"6":0.3755013347,"7":0.4471155703,"8":0.3776922226,"9":0.413271457,"10":0.3581107259,"11":0.4350900352,"12":0.414193213,"13":0.3686386645,"14":0.3250378668,"15":0.2907066047,"16":0.3260651231,"17":0.3421570957,"18":0.2979138196,"19":0.2860756218,"20":0.3827642202},"val_attribution_prior_loss":{"1":null,"2":null,"3":null,"4":null,"5":null,"6":null,"7":null,"8":null,"9":null,"10":null,"11":null,"12":null,"13":null,"14":null,"15":null,"16":null,"17":null,"18":null,"19":null,"20":null},"start_time":{"1":"2021-07-08 01:17:42","2":"2021-07-08 01:21:48","3":"2021-07-08 01:25:34","4":"2021-07-08 01:29:23","5":"2021-07-08 01:33:12","6":"2021-07-08 01:37:00","7":"2021-07-08 01:40:48","8":"2021-07-08 01:44:36","9":"2021-07-08 01:48:25","10":"2021-07-08 01:52:15","11":"2021-07-08 01:56:05","12":"2021-07-08 01:59:55","13":"2021-07-08 02:03:44","14":"2021-07-08 02:07:35","15":"2021-07-08 02:11:26","16":"2021-07-08 02:15:17","17":"2021-07-08 02:19:10","18":"2021-07-08 02:23:01","19":"2021-07-08 02:26:54","20":"2021-07-08 02:30:45"},"end_time":{"1":"2021-07-08 01:21:48","2":"2021-07-08 01:25:34","3":"2021-07-08 01:29:23","4":"2021-07-08 01:33:12","5":"2021-07-08 01:37:00","6":"2021-07-08 01:40:48","7":"2021-07-08 01:44:36","8":"2021-07-08 01:48:25","9":"2021-07-08 01:52:15","10":"2021-07-08 01:56:05","11":"2021-07-08 01:59:55","12":"2021-07-08 02:03:44","13":"2021-07-08 02:07:35","14":"2021-07-08 02:11:26","15":"2021-07-08 02:15:17","16":"2021-07-08 02:19:10","17":"2021-07-08 02:23:01","18":"2021-07-08 02:26:54","19":"2021-07-08 02:30:45","20":"2021-07-08 02:34:39"},"elapsed":{"1":245.9203419685,"2":226.1219596863,"3":229.2888522148,"4":228.55544734,"5":227.5212605,"6":228.8218836784,"7":227.9980342388,"8":228.139657259,"9":230.039662838,"10":230.5727276802,"11":229.829407692,"12":228.733435154,"13":231.4399108887,"14":230.4831900597,"15":231.2563109398,"16":232.7935855389,"17":230.8327412605,"18":232.8570878506,"19":231.8960595131,"20":233.3589437008}}