{"learning_rate":{"1":0.0099999998,"2":0.0099999998,"3":0.0099999998,"4":0.0099999998,"5":0.0099999998,"6":0.0099999998,"7":0.0099999998,"8":0.0099999998,"9":0.0049999999,"10":0.0049999999,"11":0.0049999999,"12":0.0049999999,"13":0.0049999999,"14":0.0049999999,"15":0.0049999999,"16":0.0049999999,"17":0.0049999999,"18":0.0024999999,"19":0.0024999999,"20":0.0024999999},"loss":{"1":12896.1650390625,"2":1019.9847412109,"3":1006.7702026367,"4":998.8668212891,"5":989.2385253906,"6":980.2189941406,"7":974.6303710938,"8":966.0973510742,"9":946.6637573242,"10":943.2916259766,"11":942.4481201172,"12":940.5795898438,"13":937.9683227539,"14":937.5059814453,"15":935.4420776367,"16":934.5284423828,"17":934.017578125,"18":925.8718261719,"19":924.1802368164,"20":923.4293212891},"profile_predictions_loss":{"1":955.744934082,"2":889.6905517578,"3":881.6739501953,"4":874.5020751953,"5":867.5525512695,"6":860.595703125,"7":857.7481079102,"8":854.2691650391,"9":842.8235473633,"10":840.1708984375,"11":839.450378418,"12":837.9893188477,"13":835.9291992188,"14":835.5062866211,"15":834.0935058594,"16":833.2965698242,"17":832.9044799805,"18":827.4415893555,"19":826.0620117188,"20":825.3984985352},"logcount_predictions_loss":{"1":39.7629776001,"2":0.433899194,"3":0.4165816605,"4":0.414144367,"5":0.4052299261,"6":0.3983576,"7":0.3892326355,"8":0.3724032938,"9":0.3458009362,"10":0.343403697,"11":0.3429908752,"12":0.3416318595,"13":0.3398027122,"14":0.3396706283,"15":0.3375025988,"16":0.3371171653,"17":0.3367176652,"18":0.3277831078,"19":0.3267402351,"20":0.3264505267},"attribution_prior_loss":{"1":null,"2":null,"3":null,"4":null,"5":null,"6":null,"7":null,"8":null,"9":null,"10":null,"11":null,"12":null,"13":null,"14":null,"15":null,"16":null,"17":null,"18":null,"19":null,"20":null},"val_loss":{"1":1157.9176025391,"2":1144.8743896484,"3":1030.4079589844,"4":1036.0164794922,"5":1012.8391723633,"6":977.7880249023,"7":1066.9975585938,"8":1052.8419189453,"9":974.4274902344,"10":970.4136352539,"11":990.9895629883,"12":962.2631225586,"13":959.8912353516,"14":948.8123779297,"15":933.8502197266,"16":972.0772705078,"17":959.9099121094,"18":937.6217651367,"19":958.7917480469,"20":931.9746704102},"val_profile_predictions_loss":{"1":895.4273681641,"2":878.8544921875,"3":871.204284668,"4":870.2033081055,"5":854.453918457,"6":851.0629272461,"7":856.1162719727,"8":857.6641235352,"9":837.9883422852,"10":834.7030639648,"11":847.9465332031,"12":836.8844604492,"13":832.2937011719,"14":832.5360717773,"15":830.8219604492,"16":833.9853515625,"17":831.9281005859,"18":827.774597168,"19":824.8804321289,"20":822.6905517578},"val_logcount_predictions_loss":{"1":0.8741232157,"2":0.8858783841,"3":0.5301653743,"4":0.5521755815,"5":0.5274407268,"6":0.4220097661,"7":0.7022566795,"8":0.6499612331,"9":0.4543579221,"10":0.4519294798,"11":0.4763483107,"12":0.4175256193,"13":0.4249145091,"14":0.3872138262,"15":0.3430948257,"16":0.4598639011,"17":0.4261952341,"18":0.3658028245,"19":0.4459407926,"20":0.3639291227},"val_attribution_prior_loss":{"1":null,"2":null,"3":null,"4":null,"5":null,"6":null,"7":null,"8":null,"9":null,"10":null,"11":null,"12":null,"13":null,"14":null,"15":null,"16":null,"17":null,"18":null,"19":null,"20":null},"start_time":{"1":"2021-07-08 02:46:44","2":"2021-07-08 02:55:16","3":"2021-07-08 03:03:28","4":"2021-07-08 03:11:41","5":"2021-07-08 03:19:54","6":"2021-07-08 03:28:08","7":"2021-07-08 03:36:22","8":"2021-07-08 03:44:38","9":"2021-07-08 03:52:52","10":"2021-07-08 04:01:07","11":"2021-07-08 04:09:22","12":"2021-07-08 04:17:37","13":"2021-07-08 04:25:54","14":"2021-07-08 04:34:32","15":"2021-07-08 04:42:49","16":"2021-07-08 04:51:05","17":"2021-07-08 04:59:20","18":"2021-07-08 05:07:36","19":"2021-07-08 05:15:54","20":"2021-07-08 05:24:10"},"end_time":{"1":"2021-07-08 02:55:16","2":"2021-07-08 03:03:28","3":"2021-07-08 03:11:41","4":"2021-07-08 03:19:54","5":"2021-07-08 03:28:08","6":"2021-07-08 03:36:22","7":"2021-07-08 03:44:38","8":"2021-07-08 03:52:52","9":"2021-07-08 04:01:07","10":"2021-07-08 04:09:22","11":"2021-07-08 04:17:37","12":"2021-07-08 04:25:54","13":"2021-07-08 04:34:32","14":"2021-07-08 04:42:49","15":"2021-07-08 04:51:05","16":"2021-07-08 04:59:20","17":"2021-07-08 05:07:36","18":"2021-07-08 05:15:54","19":"2021-07-08 05:24:10","20":"2021-07-08 05:32:28"},"elapsed":{"1":511.1416990757,"2":492.6773655415,"3":493.0545904636,"4":492.5898461342,"5":494.4267902374,"6":493.2645096779,"7":496.1172995567,"8":494.1956446171,"9":494.7851409912,"10":495.0448455811,"11":494.9998383522,"12":497.4846405983,"13":517.3897607327,"14":496.6512248516,"15":496.3304166794,"16":495.5895016193,"17":495.9297623634,"18":497.6836812496,"19":495.7796058655,"20":498.1773729324}}