{"learning_rate":{"1":0.001,"2":0.001,"3":0.001,"4":0.001,"5":0.001,"6":0.001,"7":0.001,"8":0.001,"9":0.001,"10":0.001,"11":0.001,"12":0.001,"13":0.001,"14":0.001,"15":0.001,"16":0.001,"17":0.0005,"18":0.0005,"19":0.0005},"loss":{"1":1410.0384521484,"2":920.5988769531,"3":895.010559082,"4":886.9469604492,"5":863.1801147461,"6":842.0957641602,"7":828.7746582031,"8":812.5706176758,"9":804.0209350586,"10":800.19140625,"11":797.3563232422,"12":785.484375,"13":781.786315918,"14":779.1608886719,"15":769.1024780273,"16":763.4936523438,"17":737.4536743164,"18":723.2391357422,"19":715.2155761719},"profile_predictions_loss":{"1":870.5610351562,"2":748.5895385742,"3":723.4863891602,"4":709.5294799805,"5":697.0501098633,"6":686.9718017578,"7":680.2502441406,"8":674.1403198242,"9":669.9907836914,"10":666.494140625,"11":664.1878051758,"12":660.8949584961,"13":659.0776367188,"14":657.936340332,"15":656.4187011719,"16":655.2634277344,"17":649.04296875,"18":647.0244140625,"19":646.0250854492},"logcount_predictions_loss":{"1":1.7965214252,"2":0.5728111863,"3":0.5711936951,"4":0.5908218026,"5":0.553232789,"6":0.5165801048,"7":0.4946042597,"8":0.4609895647,"9":0.446334213,"10":0.4452293217,"11":0.4434682429,"12":0.4148962498,"13":0.4086330235,"14":0.4036902189,"15":0.37525177,"16":0.3604191244,"17":0.2944185436,"18":0.2538051903,"19":0.2304121703},"attribution_prior_loss":{"1":null,"2":null,"3":null,"4":null,"5":null,"6":null,"7":null,"8":null,"9":null,"10":null,"11":null,"12":null,"13":null,"14":null,"15":null,"16":null,"17":null,"18":null,"19":null},"val_loss":{"1":893.9642333984,"2":893.8558349609,"3":844.7476806641,"4":815.5765991211,"5":808.9410400391,"6":789.7767333984,"7":787.7482299805,"8":772.2651977539,"9":793.0543212891,"10":767.5504150391,"11":762.9196166992,"12":796.4284667969,"13":762.7620239258,"14":761.1644287109,"15":774.2766113281,"16":779.1187744141,"17":765.7183227539,"18":775.2348022461,"19":777.5070800781},"val_profile_predictions_loss":{"1":777.1405639648,"2":735.8780517578,"3":713.6163330078,"4":701.5352172852,"5":692.8455200195,"6":685.8253173828,"7":680.9818115234,"8":674.8258056641,"9":672.9803466797,"10":668.2725830078,"11":668.4361572266,"12":671.4528808594,"13":667.8723144531,"14":666.9283447266,"15":665.0216064453,"16":665.1627807617,"17":663.243347168,"18":664.4420166016,"19":664.03515625},"val_logcount_predictions_loss":{"1":0.3890355229,"2":0.5260844231,"3":0.4366822839,"4":0.379771173,"5":0.3866112232,"6":0.3461694419,"7":0.3555442691,"8":0.3244845569,"9":0.3998600841,"10":0.3306053877,"11":0.3146410584,"12":0.4161837697,"13":0.3159927428,"14":0.3138175309,"15":0.3638316095,"16":0.3794867396,"17":0.3412528634,"18":0.3689534068,"19":0.3778745234},"val_attribution_prior_loss":{"1":null,"2":null,"3":null,"4":null,"5":null,"6":null,"7":null,"8":null,"9":null,"10":null,"11":null,"12":null,"13":null,"14":null,"15":null,"16":null,"17":null,"18":null,"19":null},"start_time":{"1":"2021-07-21 09:12:05","2":"2021-07-21 09:25:11","3":"2021-07-21 09:38:06","4":"2021-07-21 09:51:01","5":"2021-07-21 10:03:57","6":"2021-07-21 10:16:50","7":"2021-07-21 10:29:43","8":"2021-07-21 10:42:37","9":"2021-07-21 10:55:29","10":"2021-07-21 11:08:21","11":"2021-07-21 11:21:12","12":"2021-07-21 11:34:03","13":"2021-07-21 11:46:53","14":"2021-07-21 11:59:41","15":"2021-07-21 12:12:30","16":"2021-07-21 12:25:18","17":"2021-07-21 12:38:06","18":"2021-07-21 12:50:55","19":"2021-07-21 13:03:44"},"end_time":{"1":"2021-07-21 09:25:11","2":"2021-07-21 09:38:06","3":"2021-07-21 09:51:01","4":"2021-07-21 10:03:57","5":"2021-07-21 10:16:50","6":"2021-07-21 10:29:43","7":"2021-07-21 10:42:37","8":"2021-07-21 10:55:29","9":"2021-07-21 11:08:21","10":"2021-07-21 11:21:12","11":"2021-07-21 11:34:03","12":"2021-07-21 11:46:53","13":"2021-07-21 11:59:41","14":"2021-07-21 12:12:30","15":"2021-07-21 12:25:18","16":"2021-07-21 12:38:06","17":"2021-07-21 12:50:55","18":"2021-07-21 13:03:44","19":"2021-07-21 13:16:33"},"elapsed":{"1":786.3043961525,"2":774.6546313763,"3":775.4057555199,"4":775.1190359592,"5":773.5998232365,"6":772.6510400772,"7":773.6242804527,"8":772.4362812042,"9":771.928841114,"10":771.0179891586,"11":770.5327768326,"12":769.9776194096,"13":768.6126520634,"14":768.3310961723,"15":768.6221699715,"16":768.0984215736,"17":768.5419700146,"18":769.2162985802,"19":769.1921951771}}