{"learning_rate":{"1":0.001,"2":0.001,"3":0.001,"4":0.001,"5":0.001,"6":0.001,"7":0.001,"8":0.001,"9":0.001,"10":0.001,"11":0.001,"12":0.001,"13":0.001,"14":0.0005,"15":0.0005,"16":0.00025},"loss":{"1":1079.7552490234,"2":871.8395385742,"3":842.1074829102,"4":820.5958251953,"5":804.2665405273,"6":799.4790039062,"7":789.7055053711,"8":780.6442260742,"9":774.3182373047,"10":765.2845458984,"11":758.5614013672,"12":758.0407104492,"13":749.0349121094,"14":726.9189453125,"15":717.6458740234,"16":696.7789306641},"profile_predictions_loss":{"1":852.9288330078,"2":733.3192138672,"3":709.1239624023,"4":694.0115966797,"5":686.2015380859,"6":680.3985595703,"7":676.6032714844,"8":671.6369018555,"9":667.8002929688,"10":664.6591796875,"11":662.0404052734,"12":661.1862792969,"13":658.9088134766,"14":652.6068115234,"15":651.0661010742,"16":647.5858764648},"logcount_predictions_loss":{"1":0.7553609014,"2":0.4612901509,"3":0.4428505301,"4":0.4215398729,"5":0.3931695223,"6":0.3965527415,"7":0.3766419888,"8":0.3630079627,"9":0.3547154963,"10":0.3350932002,"11":0.3214258254,"12":0.3225370049,"13":0.3001315892,"14":0.2474679202,"15":0.2217196375,"16":0.1638175249},"attribution_prior_loss":{"1":null,"2":null,"3":null,"4":null,"5":null,"6":null,"7":null,"8":null,"9":null,"10":null,"11":null,"12":null,"13":null,"14":null,"15":null,"16":null},"val_loss":{"1":882.76171875,"2":841.143371582,"3":814.4224853516,"4":786.7554321289,"5":770.149597168,"6":766.6297607422,"7":766.5734863281,"8":766.1145629883,"9":757.6592407227,"10":757.8935546875,"11":756.5266723633,"12":760.4728393555,"13":757.123046875,"14":757.9069824219,"15":764.7969970703,"16":761.9868774414},"val_profile_predictions_loss":{"1":744.0877685547,"2":707.1697387695,"3":692.7032470703,"4":680.7415771484,"5":673.588684082,"6":670.2064819336,"7":669.9854736328,"8":666.0573120117,"9":663.5232543945,"10":662.9942016602,"11":660.2865600586,"12":664.8109130859,"13":661.1348876953,"14":660.3199462891,"15":661.2723999023,"16":658.8237915039},"val_logcount_predictions_loss":{"1":0.4617996812,"2":0.4461470246,"3":0.4053394794,"4":0.3530382514,"5":0.3215593398,"6":0.3211003542,"7":0.3216489255,"8":0.3332021832,"9":0.3134841621,"10":0.3160259128,"11":0.3204910159,"12":0.3185655177,"13":0.3196520209,"14":0.3249769509,"15":0.3447489142,"16":0.3435451388},"val_attribution_prior_loss":{"1":null,"2":null,"3":null,"4":null,"5":null,"6":null,"7":null,"8":null,"9":null,"10":null,"11":null,"12":null,"13":null,"14":null,"15":null,"16":null},"start_time":{"1":"2021-07-16 03:49:00","2":"2021-07-16 03:52:31","3":"2021-07-16 03:55:46","4":"2021-07-16 03:58:54","5":"2021-07-16 04:02:10","6":"2021-07-16 04:05:19","7":"2021-07-16 04:08:34","8":"2021-07-16 04:11:48","9":"2021-07-16 04:14:52","10":"2021-07-16 04:18:04","11":"2021-07-16 04:21:16","12":"2021-07-16 04:24:19","13":"2021-07-16 04:27:31","14":"2021-07-16 04:30:42","15":"2021-07-16 04:33:46","16":"2021-07-16 04:36:58"},"end_time":{"1":"2021-07-16 03:52:31","2":"2021-07-16 03:55:46","3":"2021-07-16 03:58:54","4":"2021-07-16 04:02:10","5":"2021-07-16 04:05:19","6":"2021-07-16 04:08:34","7":"2021-07-16 04:11:48","8":"2021-07-16 04:14:52","9":"2021-07-16 04:18:04","10":"2021-07-16 04:21:16","11":"2021-07-16 04:24:19","12":"2021-07-16 04:27:31","13":"2021-07-16 04:30:42","14":"2021-07-16 04:33:46","15":"2021-07-16 04:36:58","16":"2021-07-16 04:40:12"},"elapsed":{"1":210.8948624134,"2":195.5714507103,"3":187.7989537716,"4":195.9863200188,"5":188.3564326763,"6":195.308303833,"7":194.4630436897,"8":183.9795126915,"9":191.7618634701,"10":191.425488472,"11":183.674977541,"12":191.7468519211,"13":191.0812199116,"14":184.1473245621,"15":192.1948285103,"16":193.3003389835}}