{"learning_rate":{"1":0.0049999999,"2":0.0049999999,"3":0.0049999999,"4":0.0049999999,"5":0.0049999999,"6":0.0049999999,"7":0.0049999999,"8":0.0049999999,"9":0.0049999999,"10":0.0049999999,"11":0.0049999999,"12":0.0049999999,"13":0.0049999999,"14":0.0049999999,"15":0.0049999999,"16":0.0049999999,"17":0.0049999999,"18":0.0024999999,"19":0.0024999999,"20":0.0024999999,"21":0.00125,"22":0.00125,"23":0.00125},"loss":{"1":578.2499389648,"2":482.2464904785,"3":464.4540710449,"4":457.3966064453,"5":442.755065918,"6":437.396270752,"7":433.8145751953,"8":431.4148864746,"9":429.0946960449,"10":426.7487792969,"11":424.7693481445,"12":423.3562011719,"13":421.981262207,"14":420.592956543,"15":419.6962280273,"16":418.7655029297,"17":418.2591552734,"18":414.6740112305,"19":414.1917114258,"20":413.1140136719,"21":410.6533508301,"22":409.897644043,"23":409.2806396484},"profile_predictions_loss":{"1":476.1387634277,"2":429.7943115234,"3":413.3218688965,"4":410.3829345703,"5":407.5711364746,"6":404.6914367676,"7":402.4880065918,"8":400.8043518066,"9":399.3796081543,"10":397.6958312988,"11":396.5048217773,"12":395.5669250488,"13":394.6483459473,"14":393.7750549316,"15":393.218963623,"16":392.937713623,"17":392.5992736816,"18":391.092590332,"19":390.994354248,"20":390.7383117676,"21":389.8307189941,"22":389.6210021973,"23":389.527130127},"logcount_predictions_loss":{"1":1.021110177,"2":0.5245223641,"3":0.5113283992,"4":0.4701350033,"5":0.3518444598,"6":0.3270492554,"7":0.313269496,"8":0.3061056733,"9":0.2971527874,"10":0.2905347943,"11":0.2826459706,"12":0.2778933942,"13":0.2733327746,"14":0.2681798637,"15":0.2647730708,"16":0.258279711,"17":0.2565954924,"18":0.2358151376,"19":0.2319714725,"20":0.2237609923,"21":0.2082268149,"22":0.2027668059,"23":0.1975342631},"attribution_prior_loss":{"1":null,"2":null,"3":null,"4":null,"5":null,"6":null,"7":null,"8":null,"9":null,"10":null,"11":null,"12":null,"13":null,"14":null,"15":null,"16":null,"17":null,"18":null,"19":null,"20":null,"21":null,"22":null,"23":null},"val_loss":{"1":475.7125549316,"2":447.2670288086,"3":439.5583190918,"4":431.7635498047,"5":424.5110168457,"6":418.7682189941,"7":413.8032531738,"8":416.2359313965,"9":410.797088623,"10":408.951965332,"11":410.6048583984,"12":406.3135986328,"13":405.4839782715,"14":410.5765991211,"15":404.0379333496,"16":404.4016418457,"17":404.7471313477,"18":402.6291809082,"19":402.9672851562,"20":402.7096252441,"21":402.7580871582,"22":402.6919555664,"23":403.7619018555},"val_profile_predictions_loss":{"1":425.9076843262,"2":399.9871520996,"3":392.9885864258,"4":391.9079284668,"5":390.6326293945,"6":388.0697631836,"7":384.8131408691,"8":384.5040893555,"9":381.9815673828,"10":381.4155273438,"11":379.8827819824,"12":379.0553283691,"13":378.363067627,"14":378.1516113281,"15":377.4054260254,"16":377.4024658203,"17":378.0839538574,"18":376.2156982422,"19":376.6275024414,"20":376.4134521484,"21":376.0932312012,"22":376.0693969727,"23":376.1835021973},"val_logcount_predictions_loss":{"1":0.4980503023,"2":0.4727991223,"3":0.4656965435,"4":0.3985555768,"5":0.3387829065,"6":0.3069860935,"7":0.2899007797,"8":0.3173196316,"9":0.2881567776,"10":0.2753637433,"11":0.3072218895,"12":0.2725843787,"13":0.2712104321,"14":0.3242497444,"15":0.26632604,"16":0.2699918151,"17":0.2666333616,"18":0.2641348839,"19":0.2633983791,"20":0.2629614174,"21":0.266649127,"22":0.2662240863,"23":0.27578336},"val_attribution_prior_loss":{"1":null,"2":null,"3":null,"4":null,"5":null,"6":null,"7":null,"8":null,"9":null,"10":null,"11":null,"12":null,"13":null,"14":null,"15":null,"16":null,"17":null,"18":null,"19":null,"20":null,"21":null,"22":null,"23":null},"start_time":{"1":"2021-06-29 21:47:58","2":"2021-06-29 21:50:36","3":"2021-06-29 21:52:54","4":"2021-06-29 21:55:11","5":"2021-06-29 21:57:29","6":"2021-06-29 21:59:47","7":"2021-06-29 22:02:04","8":"2021-06-29 22:04:22","9":"2021-06-29 22:06:40","10":"2021-06-29 22:08:57","11":"2021-06-29 22:11:15","12":"2021-06-29 22:13:33","13":"2021-06-29 22:15:51","14":"2021-06-29 22:18:09","15":"2021-06-29 22:20:26","16":"2021-06-29 22:22:45","17":"2021-06-29 22:25:03","18":"2021-06-29 22:27:21","19":"2021-06-29 22:29:39","20":"2021-06-29 22:31:57","21":"2021-06-29 22:34:15","22":"2021-06-29 22:36:33","23":"2021-06-29 22:38:51"},"end_time":{"1":"2021-06-29 21:50:36","2":"2021-06-29 21:52:54","3":"2021-06-29 21:55:11","4":"2021-06-29 21:57:29","5":"2021-06-29 21:59:47","6":"2021-06-29 22:02:04","7":"2021-06-29 22:04:22","8":"2021-06-29 22:06:40","9":"2021-06-29 22:08:57","10":"2021-06-29 22:11:15","11":"2021-06-29 22:13:33","12":"2021-06-29 22:15:51","13":"2021-06-29 22:18:09","14":"2021-06-29 22:20:26","15":"2021-06-29 22:22:44","16":"2021-06-29 22:25:03","17":"2021-06-29 22:27:21","18":"2021-06-29 22:29:38","19":"2021-06-29 22:31:57","20":"2021-06-29 22:34:15","21":"2021-06-29 22:36:33","22":"2021-06-29 22:38:51","23":"2021-06-29 22:41:09"},"elapsed":{"1":157.9735441208,"2":137.319631815,"3":137.4066665173,"4":137.7814147472,"5":137.7319738865,"6":137.352517128,"7":137.7260813713,"8":137.75694561,"9":137.7672562599,"10":137.7738842964,"11":137.8722367287,"12":137.8986310959,"13":137.7008414268,"14":137.7482359409,"15":138.040674448,"16":138.1224522591,"17":138.0597462654,"18":137.7916412354,"19":138.1287846565,"20":137.9639041424,"21":138.3790285587,"22":138.1425557137,"23":138.2894742489}}