{"learning_rate":{"1":0.001,"2":0.001,"3":0.001,"4":0.001,"5":0.001,"6":0.001,"7":0.001,"8":0.001,"9":0.001,"10":0.001,"11":0.001,"12":0.001,"13":0.0005,"14":0.0005,"15":0.0005,"16":0.00025,"17":0.00025,"18":0.00025},"loss":{"1":1555.0756835938,"2":978.3815307617,"3":925.2597045898,"4":906.0654296875,"5":888.6958618164,"6":861.7360229492,"7":849.507019043,"8":838.4111328125,"9":831.3962402344,"10":817.8209838867,"11":810.731262207,"12":804.4841308594,"13":772.9517822266,"14":763.7381591797,"15":750.1245117188,"16":720.6439208984,"17":704.2598266602,"18":691.3090209961},"profile_predictions_loss":{"1":884.7343139648,"2":737.8193359375,"3":701.4087524414,"4":685.7313842773,"5":675.6361083984,"6":667.1959838867,"7":660.5309448242,"8":656.8493652344,"9":652.6105957031,"10":649.864074707,"11":646.7378540039,"12":645.61328125,"13":639.8400878906,"14":639.5288696289,"15":639.4159545898,"16":636.6416015625,"17":636.2367553711,"18":636.0671386719},"logcount_predictions_loss":{"1":2.6542556286,"2":0.9525213242,"3":0.8863489628,"4":0.8724249005,"5":0.8436267376,"6":0.7702931762,"7":0.7482618093,"8":0.7189040184,"9":0.7079101801,"10":0.6650366187,"11":0.6493438482,"12":0.6290579438,"13":0.5270608068,"14":0.4918155074,"15":0.4383558631,"16":0.3326132298,"17":0.2693420947,"18":0.218732819},"attribution_prior_loss":{"1":null,"2":null,"3":null,"4":null,"5":null,"6":null,"7":null,"8":null,"9":null,"10":null,"11":null,"12":null,"13":null,"14":null,"15":null,"16":null,"17":null,"18":null},"val_loss":{"1":1034.1276855469,"2":916.6401977539,"3":913.3645629883,"4":880.0294189453,"5":849.7705078125,"6":843.4609375,"7":836.5207519531,"8":838.1327514648,"9":830.7668457031,"10":813.5740356445,"11":828.9781494141,"12":825.7932128906,"13":804.2861938477,"14":811.1047973633,"15":814.1512451172,"16":810.4329833984,"17":818.1665649414,"18":811.6794433594},"val_profile_predictions_loss":{"1":760.1406860352,"2":707.4797973633,"3":683.6064453125,"4":677.7713623047,"5":665.0377197266,"6":655.8013916016,"7":655.0744018555,"8":650.8385620117,"9":645.7553710938,"10":645.3493652344,"11":646.8969116211,"12":646.8424682617,"13":640.6032714844,"14":644.3071899414,"15":642.4183959961,"16":640.4135131836,"17":640.5114746094,"18":640.7494506836},"val_logcount_predictions_loss":{"1":1.0848689079,"2":0.8281829953,"3":0.9097415209,"4":0.800853312,"5":0.7314616442,"6":0.7430500388,"7":0.7184482217,"8":0.7416040301,"9":0.7325655818,"10":0.6660966277,"11":0.7209619284,"12":0.7085665464,"13":0.6481118202,"14":0.6604453325,"15":0.6799862981,"16":0.6732028127,"17":0.7034362555,"18":0.6768078208},"val_attribution_prior_loss":{"1":null,"2":null,"3":null,"4":null,"5":null,"6":null,"7":null,"8":null,"9":null,"10":null,"11":null,"12":null,"13":null,"14":null,"15":null,"16":null,"17":null,"18":null},"start_time":{"1":"2021-08-01 02:56:26","2":"2021-08-01 03:09:39","3":"2021-08-01 03:22:43","4":"2021-08-01 03:35:47","5":"2021-08-01 03:48:50","6":"2021-08-01 04:01:53","7":"2021-08-01 04:14:56","8":"2021-08-01 04:27:58","9":"2021-08-01 04:40:58","10":"2021-08-01 04:53:59","11":"2021-08-01 05:06:59","12":"2021-08-01 05:19:59","13":"2021-08-01 05:32:57","14":"2021-08-01 05:45:57","15":"2021-08-01 05:58:56","16":"2021-08-01 06:11:57","17":"2021-08-01 06:24:58","18":"2021-08-01 06:38:00"},"end_time":{"1":"2021-08-01 03:09:39","2":"2021-08-01 03:22:43","3":"2021-08-01 03:35:47","4":"2021-08-01 03:48:50","5":"2021-08-01 04:01:53","6":"2021-08-01 04:14:56","7":"2021-08-01 04:27:58","8":"2021-08-01 04:40:58","9":"2021-08-01 04:53:59","10":"2021-08-01 05:06:59","11":"2021-08-01 05:19:59","12":"2021-08-01 05:32:57","13":"2021-08-01 05:45:57","14":"2021-08-01 05:58:56","15":"2021-08-01 06:11:57","16":"2021-08-01 06:24:58","17":"2021-08-01 06:38:00","18":"2021-08-01 06:51:02"},"elapsed":{"1":793.6425266266,"2":783.4242331982,"3":783.8813402653,"4":783.4956092834,"5":783.2040624619,"6":782.8089404106,"7":781.6050682068,"8":780.6726753712,"9":780.7010173798,"10":780.0159986019,"11":779.2887907028,"12":778.5244965553,"13":779.461425066,"14":779.8888156414,"15":780.4027276039,"16":781.0615689754,"17":781.9572792053,"18":782.4521093369}}