{"learning_rate":{"1":0.001,"2":0.001,"3":0.001,"4":0.001,"5":0.001,"6":0.0005,"7":0.0005,"8":0.0005,"9":0.0005,"10":0.00025,"11":0.00025,"12":0.00025,"13":0.00025,"14":0.000125,"15":0.000125,"16":0.000125},"loss":{"1":1457.416015625,"2":1176.7711181641,"3":1118.6434326172,"4":1057.9898681641,"5":1014.4493408203,"6":951.1676025391,"7":937.5910644531,"8":911.6025390625,"9":895.0520629883,"10":842.9005126953,"11":813.6700439453,"12":785.5584106445,"13":752.5175170898,"14":707.0918579102,"15":685.9993286133,"16":669.1553344727},"profile_predictions_loss":{"1":768.4865112305,"2":646.0588378906,"3":628.1342163086,"4":619.7826538086,"5":607.6594238281,"6":596.0686645508,"7":592.3613891602,"8":589.0829467773,"9":588.35546875,"10":584.6676025391,"11":584.0128173828,"12":584.1939697266,"13":583.6336669922,"14":582.5232543945,"15":582.2674560547,"16":581.7671508789},"logcount_predictions_loss":{"1":2.2942175865,"2":1.7673339844,"3":1.6334542036,"4":1.4592814445,"5":1.3546575308,"6":1.1825196743,"7":1.1496553421,"8":1.0740265846,"9":1.0213341713,"10":0.8599444032,"11":0.7647855878,"12":0.6705676913,"13":0.5624014139,"14":0.4148282111,"15":0.3454397917,"16":0.2910144627},"attribution_prior_loss":{"1":null,"2":null,"3":null,"4":null,"5":null,"6":null,"7":null,"8":null,"9":null,"10":null,"11":null,"12":null,"13":null,"14":null,"15":null,"16":null},"val_loss":{"1":1409.6719970703,"2":1688.5994873047,"3":1067.8946533203,"4":1082.6771240234,"5":1275.0137939453,"6":1048.6925048828,"7":1022.9016113281,"8":1095.7145996094,"9":1636.1782226562,"10":1041.5341796875,"11":1004.3206787109,"12":1087.0983886719,"13":1067.9494628906,"14":1043.8842773438,"15":1056.9237060547,"16":1047.3330078125},"val_profile_predictions_loss":{"1":666.8595581055,"2":638.4989624023,"3":617.2819824219,"4":614.2637329102,"5":603.6006469727,"6":594.5963745117,"7":592.7724609375,"8":594.0850830078,"9":593.7402954102,"10":588.1268310547,"11":587.4505615234,"12":587.8599853516,"13":588.7936401367,"14":588.3272094727,"15":588.6688842773,"16":587.0447387695},"val_logcount_predictions_loss":{"1":2.4736499786,"2":3.4969551563,"3":1.500592351,"4":1.5598701239,"5":2.235881567,"6":1.5121924877,"7":1.4323800802,"8":1.6704835892,"9":3.4714376926,"10":1.5098980665,"11":1.3882248402,"12":1.6625204086,"13":1.5956428051,"14":1.5170551538,"15":1.5593423843,"16":1.5328118801},"val_attribution_prior_loss":{"1":null,"2":null,"3":null,"4":null,"5":null,"6":null,"7":null,"8":null,"9":null,"10":null,"11":null,"12":null,"13":null,"14":null,"15":null,"16":null},"start_time":{"1":"2021-07-26 08:14:35","2":"2021-07-26 08:29:51","3":"2021-07-26 08:44:41","4":"2021-07-26 08:59:30","5":"2021-07-26 09:14:17","6":"2021-07-26 09:29:03","7":"2021-07-26 09:43:49","8":"2021-07-26 09:58:36","9":"2021-07-26 10:13:23","10":"2021-07-26 10:28:09","11":"2021-07-26 10:42:56","12":"2021-07-26 10:57:45","13":"2021-07-26 11:12:33","14":"2021-07-26 11:27:24","15":"2021-07-26 11:42:14","16":"2021-07-26 11:57:06"},"end_time":{"1":"2021-07-26 08:29:51","2":"2021-07-26 08:44:41","3":"2021-07-26 08:59:30","4":"2021-07-26 09:14:17","5":"2021-07-26 09:29:03","6":"2021-07-26 09:43:49","7":"2021-07-26 09:58:36","8":"2021-07-26 10:13:23","9":"2021-07-26 10:28:09","10":"2021-07-26 10:42:56","11":"2021-07-26 10:57:45","12":"2021-07-26 11:12:33","13":"2021-07-26 11:27:24","14":"2021-07-26 11:42:14","15":"2021-07-26 11:57:06","16":"2021-07-26 12:11:57"},"elapsed":{"1":916.5427849293,"2":889.9168200493,"3":888.7762715816,"4":886.9352924824,"5":886.1764442921,"6":886.1785852909,"7":886.8029949665,"8":886.6479804516,"9":886.5205380917,"10":886.9700815678,"11":888.2974727154,"12":888.715713501,"13":890.0930247307,"14":890.4540798664,"15":891.5026390553,"16":891.5852646828}}