{"learning_rate":{"1":0.001,"2":0.001,"3":0.001,"4":0.001,"5":0.001,"6":0.001,"7":0.001,"8":0.001,"9":0.001,"10":0.001,"11":0.001,"12":0.001,"13":0.001,"14":0.001,"15":0.001,"16":0.0005,"17":0.00025,"18":0.00025},"loss":{"1":1473.0275878906,"2":1050.5631103516,"3":1014.2315673828,"4":992.2774658203,"5":946.4564208984,"6":922.4846801758,"7":901.6861572266,"8":885.6403808594,"9":865.3150024414,"10":848.0482177734,"11":821.9856567383,"12":812.2978515625,"13":780.981262207,"14":753.8057250977,"15":730.651550293,"16":675.3284912109,"17":641.0904541016,"18":623.5715942383},"profile_predictions_loss":{"1":744.3779296875,"2":647.6350708008,"3":626.3859863281,"4":621.5995483398,"5":615.3039550781,"6":605.2208862305,"7":599.0661010742,"8":595.673828125,"9":592.7330322266,"10":590.4188842773,"11":590.2303466797,"12":590.5506591797,"13":588.2932739258,"14":587.7715454102,"15":587.6147460938,"16":583.364440918,"17":580.4989013672,"18":579.4108886719},"logcount_predictions_loss":{"1":3.2679097652,"2":1.8070856333,"3":1.7394440174,"4":1.6624497175,"5":1.4851843119,"6":1.422894001,"7":1.3572167158,"8":1.3004655838,"9":1.2224942446,"10":1.1554375887,"11":1.0393950939,"12":0.9945112467,"13":0.8641821742,"14":0.744646132,"15":0.6415052414,"16":0.412445426,"17":0.2717474997,"18":0.1980592161},"attribution_prior_loss":{"1":null,"2":null,"3":null,"4":null,"5":null,"6":null,"7":null,"8":null,"9":null,"10":null,"11":null,"12":null,"13":null,"14":null,"15":null,"16":null,"17":null,"18":null},"val_loss":{"1":1013.6443481445,"2":975.2192382812,"3":963.2655639648,"4":935.736328125,"5":907.453125,"6":883.7440795898,"7":868.2897949219,"8":867.6162719727,"9":847.4813842773,"10":841.6134643555,"11":826.2227172852,"12":837.5104980469,"13":818.8431396484,"14":826.8402099609,"15":834.1271362305,"16":832.2774047852,"17":830.6405639648,"18":831.276184082},"val_profile_predictions_loss":{"1":655.388671875,"2":628.7542724609,"3":620.8906860352,"4":623.0716552734,"5":605.0640258789,"6":598.2574462891,"7":594.6091918945,"8":591.4631347656,"9":589.8862915039,"10":589.4028320312,"11":591.7220458984,"12":588.516418457,"13":588.8664550781,"14":587.9731445312,"15":589.9169311523,"16":586.1411743164,"17":585.036315918,"18":584.8564453125},"val_logcount_predictions_loss":{"1":1.6067370176,"2":1.553855896,"3":1.5355117321,"4":1.40226686,"5":1.3561800718,"6":1.2803769112,"7":1.2274266481,"8":1.2385165691,"9":1.1552867889,"10":1.1311380863,"11":1.0517096519,"12":1.1167111397,"13":1.0314193964,"14":1.0712919235,"15":1.0952562094,"16":1.1038928032,"17":1.1015081406,"18":1.1051645279},"val_attribution_prior_loss":{"1":null,"2":null,"3":null,"4":null,"5":null,"6":null,"7":null,"8":null,"9":null,"10":null,"11":null,"12":null,"13":null,"14":null,"15":null,"16":null,"17":null,"18":null},"start_time":{"1":"2021-07-28 23:32:17","2":"2021-07-28 23:47:29","3":"2021-07-29 00:02:28","4":"2021-07-29 00:17:27","5":"2021-07-29 00:32:26","6":"2021-07-29 00:47:24","7":"2021-07-29 01:02:21","8":"2021-07-29 01:17:16","9":"2021-07-29 01:32:11","10":"2021-07-29 01:47:06","11":"2021-07-29 02:02:00","12":"2021-07-29 02:16:54","13":"2021-07-29 02:31:46","14":"2021-07-29 02:46:39","15":"2021-07-29 03:01:32","16":"2021-07-29 03:16:26","17":"2021-07-29 03:31:20","18":"2021-07-29 03:46:15"},"end_time":{"1":"2021-07-28 23:47:29","2":"2021-07-29 00:02:28","3":"2021-07-29 00:17:27","4":"2021-07-29 00:32:26","5":"2021-07-29 00:47:24","6":"2021-07-29 01:02:20","7":"2021-07-29 01:17:16","8":"2021-07-29 01:32:11","9":"2021-07-29 01:47:06","10":"2021-07-29 02:02:00","11":"2021-07-29 02:16:54","12":"2021-07-29 02:31:46","13":"2021-07-29 02:46:39","14":"2021-07-29 03:01:32","15":"2021-07-29 03:16:26","16":"2021-07-29 03:31:20","17":"2021-07-29 03:46:15","18":"2021-07-29 04:01:10"},"elapsed":{"1":911.7175002098,"2":898.8370831013,"3":899.585704565,"4":898.2864825726,"5":897.8771226406,"6":896.8349730968,"7":895.9164142609,"8":894.6009981632,"9":894.9421825409,"10":893.5471360683,"11":894.1758227348,"12":892.6476564407,"13":892.6792566776,"14":892.8559968472,"15":893.6500885487,"16":893.8056232929,"17":895.2466266155,"18":895.2584536076}}